{
  "images" : [
    {
      "size" : "20x20",
      "idiom" : "iphone",
      "filename" : "icon-2.png",
      "scale" : "2x"
    },
    {
      "size" : "20x20",
      "idiom" : "iphone",
      "filename" : "icon-small@3x-1.png",
      "scale" : "3x"
    },
    {
      "size" : "29x29",
      "idiom" : "iphone",
      "filename" : "icon-small.png",
      "scale" : "1x"
    },
    {
      "size" : "29x29",
      "idiom" : "iphone",
      "filename" : "icon-small@2x.png",
      "scale" : "2x"
    },
    {
      "size" : "29x29",
      "idiom" : "iphone",
      "filename" : "icon-small@3x.png",
      "scale" : "3x"
    },
    {
      "size" : "40x40",
      "idiom" : "iphone",
      "filename" : "icon-small-40@2x.png",
      "scale" : "2x"
    },
    {
      "size" : "40x40",
      "idiom" : "iphone",
      "filename" : "icon-small-40@3x.png",
      "scale" : "3x"
    },
    {
      "size" : "57x57",
      "idiom" : "iphone",
      "filename" : "icon.png",
      "scale" : "1x"
    },
    {
      "size" : "57x57",
      "idiom" : "iphone",
      "filename" : "icon@2x.png",
      "scale" : "2x"
    },
    {
      "size" : "60x60",
      "idiom" : "iphone",
      "filename" : "icon-60@2x.png",
      "scale" : "2x"
    },
    {
      "size" : "60x60",
      "idiom" : "iphone",
      "filename" : "icon-60@3x.png",
      "scale" : "3x"
    },
    {
      "size" : "1024x1024",
      "idiom" : "ios-marketing",
      "filename" : "icon-1025.png",
      "scale" : "1x"
    },
    {
      "idiom" : "universal",
      "filename" : "icon-1024.png",
      "scale" : "1x"
    },
    {
      "idiom" : "universal",
      "filename" : "icon-72@2x.png",
      "scale" : "2x"
    },
    {
      "idiom" : "universal",
      "filename" : "icon-60.png",
      "unassigned" : true,
      "scale" : "1x"
    },
    {
      "idiom" : "universal",
      "filename" : "icon-72.png",
      "unassigned" : true,
      "scale" : "1x"
    },
    {
      "idiom" : "universal",
      "filename" : "icon-76.png",
      "unassigned" : true,
      "scale" : "1x"
    },
    {
      "idiom" : "universal",
      "filename" : "icon-167.png",
      "unassigned" : true,
      "scale" : "1x"
    },
    {
      "idiom" : "universal",
      "filename" : "icon-small-40.png",
      "unassigned" : true,
      "scale" : "1x"
    },
    {
      "idiom" : "universal",
      "filename" : "icon-small-50.png",
      "unassigned" : true,
      "scale" : "1x"
    },
    {
      "idiom" : "universal",
      "filename" : "icon-76@2x.png",
      "unassigned" : true,
      "scale" : "2x"
    },
    {
      "idiom" : "universal",
      "filename" : "icon-83.5@2x.png",
      "unassigned" : true,
      "scale" : "2x"
    },
    {
      "idiom" : "universal",
      "filename" : "icon-small-50@2x.png",
      "unassigned" : true,
      "scale" : "2x"
    }
  ],
  "info" : {
    "version" : 1,
    "author" : "xcode"
  }
}